UUID,Project Name,Decimal,Start Date,End Date
8f9444b1-8413-4c25-88ea-ad407b22fd25,Centralized zero-defect moderator,235.1,2007-08-26,2010-02-03
1e5b5bfe-12fb-4e66-b60d-6457b1967ee6,Cross-group methodical contingency,101.4,2006-06-18,2008-09-14
a17747f7-f128-4030-8fea-d701af1cab69,Quality-focused analyzing groupware,174.8,2002-09-24,2022-02-21
c16515e7-8933-4da6-90c2-34bfcf4fb87b,Virtual attitude-oriented info-mediaries,91.3,2018-06-22,2026-03-10
5b609b03-7488-4ad7-b9c4-794179970890,Centralized mobile paradigm,247.0,1998-02-12,2009-03-31
30273683-ab61-4aeb-901b-7f7c37f83ac0,Self-enabling object-oriented project,33.0,2023-03-07,2027-12-01
834b660b-0f23-45fd-a10d-331232e84e57,Streamlined responsive moratorium,277.2,2023-11-04,2024-03-11
b2daad3b-72b0-4646-ab96-743b36d1fe7c,Digitized national time-frame,57.4,2018-03-15,2027-05-24
a47ce85f-fe78-4853-8d61-1beb756b811d,Open-source systemic middleware,102.4,1997-03-10,2013-10-01
01b827a9-3adc-4b26-b644-a6b0ed3fb16f,Future-proofed static throughput,29.8,1998-07-21,2025-05-18
b5f8bfc9-2462-4751-ac31-14f5ea97111c,Mandatory real-time forecast,295.5,2011-01-06,2017-09-28
f7b18f50-cf77-4f8d-8402-94c47a67980c,Organic needs-based time-frame,47.1,1995-08-17,2007-01-12
7a3782ba-dfd9-4429-b84a-d3b793ff20bd,Automated homogeneous contingency,227.2,2019-04-13,2028-08-15
95b0e76f-98c4-4b60-9737-0ea299b6423c,Optional user-facing analyzer,152.0,1997-02-16,2027-12-14
5d91684c-1e99-4ede-a79f-9d61a9c50297,Pre-emptive full-range extranet,194.3,1994-11-17,2017-11-20
31e74da3-e7a0-4f76-80d6-3fe949e4517b,Multi-channeled tangible initiative,100.8,2019-03-29,2029-11-04
b35b1366-b718-451c-9f75-180bd8433760,De-engineered upward-trending toolset,134.1,2010-01-28,2016-08-03
5cdcd193-b52c-4c5b-85a3-a9168f174b34,Virtual user-facing knowledge user,210.3,2002-03-03,2007-06-24
a8da2b90-0474-4fda-974a-85d6feb84645,Enterprise-wide secondary archive,162.9,2001-04-13,2029-10-20
9afc6008-56a2-49f5-8cce-242588e1215e,Up-sized composite paradigm,117.8,2004-04-11,2024-01-22
98e0b018-fbee-4625-86e4-55fac01c57fe,Multi-tiered logistical collaboration,153.5,2017-07-10,2027-11-14
98e0b018-fbee-4625-86e4-55fac01c57fe,Multi-tiered logistical collaboration,153.5,2017-07-10,2027-11-14
#"
,,,,,,,,
abcade,""",
7103a276-8eb1-4187-9d47-6aad21c3e358,"Programmable motivating,Graphical User Interface",103.7,2019-02-08,2029-04-06
44875b48-6203-48d2-b645-14843b24ebb9,Enterprise-wide incremental model,15.0,INVALID_DATE,2027-03-19
2befde5e-8140-47a8-aed7-52396d603e47,Ergonomic bifurcated middleware,"INVALID_DOUBLE",2006-01-28,2022-02-07
caaffe13-a7a3-4150-829c-7ad33fdeb478,Profit-focused value-added help-desk,239.9,2022-02-06,2028-11-22
785c93f3-4b9f-4946-ac30-57aab546c7d5,Triple-buffered asynchronous concept,169.4,2015-04-18,2027-08-06
705041ed-5e6d-4b1e-bad8-b2e1ffef88ee,Public-key 6thgeneration function,152.7,2007-10-03,2016-06-14
14257313-68ab-4005-ae53-26217eba427d,Fundamental upward-trending info-mediaries,88.9,2002-03-28,2027-10-03
8022d586-87a5-4bc4-a0b1-2242517909b5,Front-line systemic concept,230.3,2013-06-09,2026-03-31
cc3f1c25-5906-40b1-b43c-50097ff2013a,Re-engineered value-added conglomeration,153.5,2007-03-09,2020-12-13
2fe30250-4853-437f-b3dc-743281116809,Innovative motivating utilization,281.3,2001-08-11,2001-12-17
c2699376-0851-47b8-bc18-bcb40b8e3b74,Profit-focused zero-defect hardware,19.0,2002-03-24,2007-03-16
6c8f1c95-1aab-4f4a-9245-03002bfc016e,Switchable motivating collaboration,22.0,1994-08-17,2010-07-29
be50711a-73bb-4904-9f5e-81dc3ae3cbff,Customizable motivating software,130.0,2020-08-14,2023-08-06
ce134510-3521-42ae-8f7d-f0813530ef8b,Extended fault-tolerant analyzer,205.8,2022-11-20,2023-05-12
d45664a9-ec9d-4253-b8f3-299c2ebd6ffd,Cross-platform holistic policy,26.7,1996-06-13,2004-10-13
a64b8bd4-d53b-46ee-abdc-b39647778dc0,Organic web-enabled implementation,126.5,2013-09-20,2024-03-02
6ca8d4c9-d54d-4640-8ddc-909fec1f6991,Upgradable reciprocal monitoring,249.7,2015-01-19,2026-11-12
59133e96-aae3-48fa-be08-9adb22dd4889,Seamless user-facing groupware,118.2,2016-04-27,2027-01-31
10acae51-c8f6-41e4-a728-ff9b2751034d,User-centric intangible matrix,293.3,2010-07-26,2022-07-31
b92949fd-908b-4f01-8062-2b0a274e3601,Persevering logistical ability,275.0,2012-08-10,2017-03-14
63f7713d-7bb4-4682-81b4-2ccacb62f126,Managed motivating hierarchy,86.7,2004-06-21,2021-03-24
c985cf7a-d2f2-4dbd-ae61-4b6ca84e572b,Advanced fault-tolerant open system,214.9,2011-07-08,2014-12-05
4b7a5434-b4f6-4b44-a16b-01cd7feef93c,Monitored composite support,150.6,2023-10-21,2025-09-03
e20bce50-3da8-4b0f-80ce-a22618a1d87a,Face-to-face didactic architecture,80.3,2011-01-19,2015-04-23
e1bcd305-9de2-46dd-8e18-f4c5194ed6df,Polarized needs-based standardization,116.0,2016-06-18,2020-04-04
cc4cb591-2905-48d2-bb58-7552f2305e74,Proactive disintermediate conglomeration,91.2,2016-11-29,2020-01-30
e28343a1-49e9-41f4-8a2b-a2d2d6323aed,Triple-buffered real-time artificial intelligence,17.0,2001-06-17,2008-04-02
f49e447b-bae9-4aa5-a8e8-bbf6a734f5fb,Re-contextualized neutral capacity,140.5,1994-11-13,2001-07-29
3b6185a1-f30f-4c27-ba6c-f641e22766cd,Proactive radical hardware,88.7,2014-07-08,2026-01-08
86e30f2c-5862-4102-bd30-1bd86a0b9923,Open-architected cohesive functionalities,39.2,2020-09-18,2022-09-09
e01a5e40-e169-4c14-b427-07b7d8d37b0f,Upgradable full-range encoding,75.2,2007-10-04,2024-12-02
9011c555-1b9d-4972-8ef8-1f07fa2cd347,Networked holistic paradigm,255.9,2014-10-28,2028-10-02
feea9977-e87d-4e8b-9860-b19b61f26103,Pre-emptive local data-warehouse,292.8,2007-09-06,2011-11-24
166b6f82-0785-4a52-a588-d81723ff5a1a,Diverse scalable open system,260.5,2017-05-27,2018-07-12
13f4ba69-21ca-4a59-bea0-885f2b7add1f,Ameliorated even-keeled definition,168.4,1996-01-07,1997-04-19
bd6918bc-6120-425a-9183-66c84859c53d,Face-to-face systemic attitude,250.3,2009-06-30,2017-09-14
61d6d9b3-51f2-40f7-b9f8-b9774f0be2a8,Function-based bifurcated pricing structure,20.9,1994-06-11,2002-09-05
4be22489-c652-4910-9b7a-394a2a33c2ec,Pre-emptive human-resource workforce,24.9,2010-11-26,2023-04-30
fbca3337-6e41-47cd-a5f6-28e2c5bf1cab,Synergistic contextually-based moderator,264.1,2004-12-12,2005-03-30
3f4db4cd-2aea-488c-bfc3-12a6e6ba40d4,Expanded asynchronous concept,284.1,2016-12-29,2018-03-31
2e073edd-6c7d-46db-8688-1413c55e16cc,Multi-channeled asynchronous monitoring,219.8,2012-08-26,2022-09-19
f1c5dd3d-6ff4-4d89-9aa6-62a8502138c1,Streamlined non-volatile artificial intelligence,127.8,2008-06-17,2023-12-10
f5323ce4-eb00-4f47-a2b0-a125575ca3d3,User-centric executive intranet,130.5,2000-06-18,2015-12-22
b99407d8-7b94-4599-84f1-13b158fcccb8,Intuitive disintermediate conglomeration,55.0,2007-02-24,2027-09-13
616ecb40-07e1-45d1-9183-a39728c7ad0e,Innovative asymmetric portal,253.8,1995-04-03,2012-02-28
539a690f-feed-4808-9286-db01bb54eb2b,Configurable multi-tasking initiative,17.9,2022-06-13,2027-02-06
e541c423-9215-4912-97e7-3014e961b082,Cross-platform hybrid functionalities,93.7,2003-02-24,2021-09-03
0bd82908-7c69-4f43-bd7b-f9c01e84f377,Organized context-sensitive attitude,261.6,1998-03-13,1998-04-17
da355f39-fb42-4727-850d-e80b97ab1a72,Vision-oriented 6thgeneration infrastructure,101.1,1994-08-19,1997-09-10
71b397c8-12b7-4e41-ae0e-0f9779ddf99f,Configurable actuating database,170.5,1994-06-11,1999-03-09
d98c5951-595c-40c9-9c71-3add6f25e5b9,Multi-channeled optimizing success,71.4,2023-08-19,2024-12-22
0ea7b78d-0e84-464f-9550-07b2acb395fa,Adaptive foreground moderator,29.4,2019-01-26,2021-09-06
80871044-f024-4e01-9d60-55228cf8d96b,Object-based foreground middleware,227.0,2003-01-02,2029-06-12
1c8370a4-48df-4451-b1ce-c150a9d97fc6,Object-based disintermediate flexibility,293.5,2010-05-28,2025-11-07
d4360eab-d3ce-4b98-a66d-8ae96fa9441b,Fundamental impactful circuit,52.3,2005-03-25,2017-07-20
7f460c13-f86b-465a-80cc-c71ac474715f,Cross-group coherent software,29.2,2006-01-29,2026-04-17
9e6c60b2-01db-4c99-9056-c5f5dd7f3bda,Self-enabling upward-trending standardization,220.8,2012-01-17,2015-02-25
54708ff2-e067-4ec7-8639-e75caac20772,Switchable non-volatile standardization,216.9,2017-03-16,2020-01-07
f070c9da-1e83-4bc7-918d-c70202f873f4,Cloned dedicated approach,220.5,2002-03-23,2025-02-09
309ab361-a777-48c5-9deb-876dee80cdf5,Synergistic bi-directional project,106.3,2000-03-08,2008-06-26
bd7d7a6c-b7b3-4c85-90fb-2eec8646620e,Triple-buffered eco-centric standardization,114.0,2010-09-04,2018-02-26
d3fea1dc-95c6-46e1-a4ab-8b070984233e,Optimized 24hour installation,284.0,2020-10-24,2025-10-10
ddc4ee94-8f84-4d0e-a72e-add84cc39acf,Assimilated upward-trending Graphical User Interface,244.1,2000-02-26,2029-10-30
250fe5ad-a0e4-4c21-ab29-fad216fdc678,Centralized system-worthy circuit,235.0,2007-03-20,2019-04-27
e4379522-38ca-4b30-95d4-613e751d8d1d,Grass-roots intangible access,236.9,1996-12-10,2019-12-17
4daecc0a-9a11-4853-aeb0-b24d2df10fcd,Open-architected 6thgeneration adapter,291.9,2023-09-24,2028-03-01
6997bc3a-df65-4829-b5fc-ea3ed5f9cc82,Secured radical framework,246.6,2017-12-09,2027-08-21
e470c479-a58a-4c73-bdce-3d87a906b64d,Persistent bi-directional forecast,47.3,2003-01-24,2027-04-10
dea8465b-2b25-4173-a5a1-39d57ff44a35,Inverse explicit implementation,54.3,2009-04-17,2022-10-08
2d2ae923-9d97-4f59-98f7-50de8fd30d13,Operative even-keeled project,139.2,2002-08-31,2015-04-11
5c87cbdc-a2be-4360-ba78-d98a509a7bed,Robust homogeneous help-desk,152.3,1998-11-15,2026-12-27
a44a05ae-25e5-4323-a460-40f0006e07b8,Front-line systematic artificial intelligence,233.3,2008-01-21,2015-07-06
ef307e0f-d93e-45e1-91bf-e67846d95ef0,Progressive non-volatile migration,51.4,2012-08-10,2014-08-29
d00595f7-0d70-4621-9112-320278c557ad,Optimized actuating conglomeration,145.5,2008-04-25,2014-06-11
7d210bb5-cbf6-4aa6-b9d3-3d5dce1cb32b,Distributed background support,231.8,2021-05-07,2027-01-12
08485128-9845-4d9a-a5cb-b82eb3242537,De-engineered directional moderator,73.2,1998-01-21,2004-06-21
62d42e87-58c3-49f8-bff5-42b53869a8d6,User-centric motivating moratorium,113.7,2000-10-19,2011-08-01
01c94b48-2cb5-4cc8-af26-0c053bd17626,Virtual multimedia Internet solution,159.8,2008-05-02,2027-05-12
b1a12c1e-c5f0-4f8b-8734-3955c3a7e5b3,Reverse-engineered real-time algorithm,58.1,2021-07-12,2026-11-09
954ceaf7-fcda-41ec-a610-4fe8060ca552,Team-oriented discrete open system,230.8,1997-06-15,2026-06-20
be3922ab-0f38-4531-bf7f-16dad2196ccc,Right-sized systematic open architecture,153.1,2005-05-07,2020-01-03
e6f4216f-46cd-49be-b0be-40b0ee95ba7b,Inverse impactful archive,38.6,2017-12-20,2027-12-25
be73142f-6b49-4f9e-8ef1-98aade44da70,Customer-focused attitude-oriented approach,128.6,2000-01-07,2015-08-20
86ef12fa-9fbc-443c-9162-c2470d63d232,Reverse-engineered system-worthy focus group,111.7,2004-01-29,2008-07-27
28936197-985c-45cd-9343-d06a238711e2,Distributed hybrid conglomeration,68.3,2023-09-10,2026-02-07
4e0558e8-0fd0-4bbe-973b-401963588d09,Centralized tangible capability,60.4,2012-08-28,2019-10-23
23ed681d-14a8-4322-8ec9-c456303c5bcc,Polarized didactic application,169.3,2011-02-14,2022-04-08
caa4353b-8c3c-4135-99a9-61826b1bf2fd,Re-contextualized coherent utilization,128.9,2023-12-07,2025-06-22
23a583ff-1095-4ae9-b4cb-9da8e60bf1d0,Proactive directional architecture,203.2,1998-05-15,2010-12-25
3b26a67e-6443-494d-ad88-abeb62604e7d,Front-line client-driven intranet,214.7,2023-12-29,2024-02-17
684d84fb-cc00-4b61-afa7-058e5cb6d15b,Function-based global solution,200.8,2006-10-29,2013-01-20
3bc98c3e-8d68-435d-82df-a95fb950ccb7,Re-contextualized empowering challenge,132.5,1996-05-18,2000-04-14
38376c36-216d-4880-9faa-844afff87989,Universal dynamic alliance,110.4,2020-03-11,2023-08-09
95412d22-11ee-4916-8fa5-d5e4bbdc2c1e,Secured non-volatile array,265.8,2014-03-07,2014-04-05
d652827d-69dc-4534-8b2f-22cc4bdfa3df,Adaptive solution-oriented projection,224.0,2008-11-08,2011-09-06
1f3baf1e-2a35-46f9-8bac-0bfd312da5ee,Grass-roots content-based policy,223.5,2009-04-10,2020-08-28
70399303-dd6f-4c94-880d-5c755d163bee,Centralized value-added moratorium,53.6,2006-02-15,2024-02-21
e43af2cd-088e-405b-a73a-6ba1956f6c0d,Reduced reciprocal leverage,203.6,1995-08-30,2018-11-13
684bcef4-399e-4b2f-b695-c53f2342cd42,Exclusive fault-tolerant archive,217.4,2017-12-30,2029-04-20
46a14aa8-06a0-40f5-8906-7a133441b407,Organized scalable forecast,225.8,2000-07-10,2029-05-09
6d3ae9f5-bb2c-4286-abc1-d890149b8aaa,Proactive actuating application,21.0,2016-05-03,2017-07-13
4d254a67-ef35-427f-aa68-403a103474ee,Assimilated impactful middleware,113.3,2006-02-09,2016-10-29
dc930888-6630-4467-bf71-c1442b2bb867,Ameliorated contextually-based task-force,198.6,2018-06-23,2023-02-20
cfaddb9b-c01b-4762-b6c0-94a96bd2d49d,Robust responsive analyzer,198.2,1995-03-21,2006-04-10
dd14183c-aef3-45f0-b5c9-b2b2bfe7890d,Versatile high-level knowledgebase,162.8,2020-09-23,2023-03-29
2c5764e9-e80a-4bc0-80cd-2d3afaae9595,Customizable even-keeled capacity,37.5,1994-09-28,2000-12-25
c0c0f3d2-1f32-4616-b721-cfc4b7da9fd8,Robust actuating access,201.0,1994-07-25,2028-08-06
0a0ce718-e3bf-4031-8029-2a3488c1fa05,Decentralized analyzing system engine,36.9,2006-03-18,2022-08-23
e7f6fef5-6418-458b-b52c-82640dbbb1f2,Operative global superstructure,139.6,2020-04-26,2025-01-13
6994c764-e938-478a-97cd-66a9f5a50590,Integrated executive service-desk,141.9,2020-09-19,2021-07-31
96121d99-ff5d-4e2c-b522-2ea0f921a8ca,Object-based 24/7 policy,77.4,1997-07-04,2012-10-27
0238e35e-398c-4628-a90d-3d2cfa3bb719,Stand-alone eco-centric groupware,92.7,1996-03-15,2019-08-22
73824068-d093-49d4-b634-208b6820ae82,Fundamental fault-tolerant throughput,108.4,2002-09-02,2014-06-11
4727eed8-00bf-4d82-b637-5a6f9e6859c8,Total neutral array,136.1,2008-05-28,2019-06-08
f16eb42d-dee8-4529-bcea-82d0d914d521,Integrated dedicated conglomeration,169.3,2017-03-02,2019-04-09
867b6f92-e615-4629-b07a-015e3f99d4e3,Horizontal foreground database,42.5,2020-01-29,2028-11-19
77898245-21a8-4b41-9aa4-fac8953719ec,Stand-alone client-driven matrix,41.9,2013-06-15,2023-07-08
aa4ff04e-d71d-4494-8193-fcc814676f09,Triple-buffered impactful project,298.1,2000-11-22,2029-11-10
3f5ce377-32b0-4412-b195-40f94f54fa9a,Compatible mission-critical core,90.2,2008-03-15,2029-05-15
bf40b438-3b62-42c6-8883-bf2360344135,Team-oriented zero tolerance process improvement,172.1,2011-07-06,2015-04-14
cf8e22cb-ab3e-4898-b305-3a1e23163171,Universal analyzing firmware,174.4,2022-06-04,2027-11-19
04280ebd-ac8e-4f2d-95cd-837b4bcd27cd,Streamlined multimedia success,241.1,2021-07-01,2025-09-29
5134d1dd-d44e-425b-9597-d9936531ab22,Multi-tiered bandwidth-monitored time-frame,116.1,2002-06-01,2017-12-22
e700d8b8-f848-44e4-9150-24662225dc64,Down-sized static database,250.5,2007-12-07,2011-06-29
15e94311-9f8b-489e-b271-dded5b8ec73a,Automated multi-tasking artificial intelligence,113.7,2018-02-05,2026-08-08
eff74bbb-0460-4f4c-9313-299cf331f378,Quality-focused secondary knowledge user,133.3,2003-08-28,2020-12-04
79a084f2-37b4-48c8-9a00-8807ecee69cc,Multi-tiered real-time monitoring,198.0,2017-05-25,2021-12-02
ee1eaed5-b310-4103-b41d-f1452aa903e3,Distributed bottom-line structure,274.0,2012-07-17,2015-01-18
bc919fef-59e1-471e-bda9-24a27bfcd74c,Fundamental discrete projection,162.3,2001-06-12,2003-03-31
bffa4475-ddaf-41f3-bd09-9b469880dd18,Digitized 24hour emulation,146.3,2016-11-28,2019-11-03
17fc6f3b-6847-4b68-ab7f-aeacbdf13f9b,Versatile optimizing benchmark,65.5,2020-09-14,2026-01-06
0c5e6387-9604-4ccc-8551-3370cd5c0356,Inverse homogeneous collaboration,213.0,1998-06-17,2024-03-14
121a9db8-1b57-46ac-b1e9-2508eed98980,Sharable 6thgeneration moderator,252.6,2016-01-04,2023-03-21
f2c9e3c6-1eb1-4c64-afc2-88f02b3ed2b7,Virtual optimal infrastructure,276.0,2012-04-28,2028-08-18
0fabd70e-cf05-4848-8d58-dd8e5e99b72e,Object-based responsive artificial intelligence,295.8,2001-02-07,2005-04-01
bc212c4f-8642-44e3-b6e9-4f4a1fa8d395,Stand-alone 24hour hub,245.7,2013-07-14,2028-05-22
78da9d19-8911-467b-be16-5336b3ec5aca,Innovative context-sensitive circuit,201.6,1997-08-21,2013-04-19
94a83cf1-2fcd-4eec-b378-948e910fa481,Balanced responsive function,79.4,2014-01-01,2023-08-07
c96b4431-cfa4-4a3f-b3f9-7cfcc35c7484,Versatile real-time analyzer,231.4,1995-07-05,2022-12-16
3820ad91-7b4a-4330-a5cd-db73e16e635f,Integrated bi-directional hardware,160.5,2000-04-25,2004-04-19
abd762ca-a960-45e0-9360-506bb6467c3a,Centralized full-range strategy,70.1,2007-05-28,2008-08-29
49382459-5231-429e-b3e9-c329055a05f4,Profit-focused holistic standardization,75.6,2018-01-31,2024-12-12
fc4a59dc-63f4-4671-9394-e0fc80fb9868,Profound even-keeled parallelism,223.5,2023-07-21,2024-02-09
22e96018-87b9-484f-a324-2ebe34227ea1,Implemented motivating pricing structure,213.9,2019-09-19,2022-03-13
e3b07396-16ad-4d4d-8d7f-b54639007892,Ergonomic didactic circuit,196.7,2008-01-05,2018-12-01
91793ec9-8c58-47b5-a9c3-eeabb2a7fc48,Face-to-face interactive ability,72.6,2018-02-18,2029-05-24
9d7bbd86-511d-445d-9c5f-9bc9f1d1a413,Synergized uniform Local Area Network,231.5,2001-02-27,2011-11-10
c6968ea4-62b2-4827-b6c7-abc343dd9411,Function-based zero tolerance intranet,296.2,2007-10-27,2016-11-13
af69eebc-0ccc-435c-a063-a1eb19421947,Virtual regional info-mediaries,191.0,2021-12-16,2024-02-01
e292b988-f98e-42e2-9e26-988a1975ed78,Team-oriented maximized secured line,82.7,1998-06-07,2003-06-19
ef5c44b1-49d2-4568-ba8c-41d35d135905,Customer-focused 24/7 monitoring,269.9,2008-05-15,2029-04-26
fdc2a51d-cb1b-41a3-90e6-c42eca66491d,User-centric upward-trending throughput,138.1,1997-09-05,2012-10-23
a93992ee-9395-47d5-9eed-0d7daac5d23c,Realigned neutral Graphic Interface,46.6,2021-04-14,2027-06-17
476ba07d-8ea2-4c9e-b1e7-080e97914470,Universal asymmetric alliance,158.0,1996-09-19,1999-02-18
33df5cf5-d0aa-4657-a5d3-588d4ae54574,Pre-emptive 6thgeneration archive,155.9,2007-02-20,2017-01-30
2335dbdb-2521-43fc-8b90-1b2c0e35c681,Down-sized 24hour architecture,221.3,2017-05-02,2025-11-08
9a5a9878-cc13-472a-a77f-519a60383972,Managed solution-oriented interface,249.8,2023-05-16,2029-04-15
29366aa5-fd7f-4a80-ae2a-e46488a0edeb,Adaptive content-based functionalities,14.8,2008-11-21,2025-11-17
0e3b8463-4063-4710-95e1-6b3f0f09d0e1,Compatible mission-critical capacity,297.1,2017-04-24,2026-02-01
c3f41d59-a3e4-4054-b96e-50049bd85117,Re-contextualized maximized open system,234.9,2000-09-29,2007-06-03
7a77e626-533c-4df1-a834-e5c54494735c,Expanded discrete orchestration,83.6,1998-12-10,2006-06-21
ab1f87d1-61b3-46cb-a12f-ad4541605661,Reverse-engineered heuristic protocol,86.9,2002-10-16,2028-07-25
d961edaa-b673-4852-9d38-b3a31b9edd7b,Robust maximized standardization,178.3,2019-03-07,2029-07-02
49fe0855-9b78-49d0-a283-368830ee848e,Secured methodical solution,17.6,2021-02-24,2027-07-24
d69dac68-b0c8-4488-b226-b3ebdf1626df,Quality-focused systemic budgetary management,260.9,2015-11-24,2016-12-12
1ce2a8ab-5d30-4374-b0e3-9f82d20eb722,Customer-focused multi-state paradigm,158.5,2002-01-20,2008-08-31
3c83a559-9bde-4df3-b8ae-b20c59253d5a,Visionary tangible synergy,182.7,2015-07-01,2022-06-11
a101e61d-eabc-447f-afde-d8c2c711f1db,Extended multi-state encoding,258.0,2001-01-10,2009-09-14
eebef2e0-be57-4524-8d1b-c7c527de9ac0,Ergonomic leadingedge capacity,185.1,1999-01-05,2010-08-09
ba42d9d5-454e-4952-bcf3-b6d09f7446f5,Optional empowering definition,199.7,1996-03-03,1996-03-24
167f5319-40fb-4610-af11-23d992d6c3b2,Reverse-engineered system-worthy circuit,190.2,2022-03-13,2029-08-29
a9a146da-430a-4747-ac20-8d74a0c70e2b,Multi-layered cohesive info-mediaries,244.0,2021-09-16,2026-11-30
34922364-b070-4ddb-a91f-bf72fe41b55c,Persevering reciprocal flexibility,115.8,2024-01-14,2027-04-28
3520fa9b-3f55-4a34-bfc9-e9f02b662d23,Digitized empowering instruction set,184.6,2006-08-18,2021-03-01
05b063da-5103-4a80-85e4-1b0f877add7d,Object-based transitional adapter,179.2,2009-01-26,2009-07-23
b6e93763-d746-498d-86ef-20b6a8610dd2,Fully-configurable 5thgeneration software,117.4,2003-03-04,2006-07-11
32f8b212-bcea-4de9-bcaf-fc794896128f,Secured bandwidth-monitored interface,262.2,2016-11-11,2021-10-31
5c8787f5-566c-425b-ba33-4b5e1285aedb,Ameliorated leadingedge collaboration,110.1,2024-02-20,2029-10-18
aef30d27-201c-45ca-8b9d-4f58f5fbdb2e,Automated didactic middleware,209.8,2022-07-02,2028-07-03
d56a35f7-af45-4f4d-819c-c9ea9e3187a1,Progressive bi-directional throughput,75.9,2009-05-26,2013-06-12
13cf052e-778b-4abc-b7ad-ddce7b5e3ac7,Implemented next generation solution,257.8,2005-11-28,2029-03-03
114bb1d9-b76b-4b24-b4c7-08c7cce28a3f,Multi-channeled optimal implementation,149.9,2006-06-05,2012-02-04
884d5e48-a2a3-496f-8112-8e5d03e44d4a,Quality-focused eco-centric help-desk,154.3,1998-05-18,2005-04-14
4df6be19-b1be-446b-b099-5c18bb8db0d1,Vision-oriented interactive groupware,160.1,2007-02-23,2008-05-20
deb4876d-2135-4cb7-ba24-d1d6ad5c041c,Grass-roots 4thgeneration protocol,206.2,1999-02-01,2005-12-31
a2c29ffc-a2db-4aeb-ae8d-d1be3c580d02,Managed scalable analyzer,46.5,2020-10-15,2027-01-15
e6f3a30c-b904-4ae6-95fc-a52bdd3bf05a,Multi-tiered intermediate hardware,60.9,2010-07-25,2020-09-03
39ab75e2-d349-4b28-820c-c65909baa4eb,Multi-lateral 24hour frame,159.0,1994-09-27,2026-07-31
006549e8-d799-47ab-a434-f6d570c76977,Front-line clear-thinking archive,191.6,2020-01-02,2026-12-17
d23c9127-48c9-44da-97fe-4bbb0d9928c2,Advanced tangible array,275.0,2004-03-24,2014-01-02
78246da2-bb2a-418d-b372-af1ff08f5f6d,Robust foreground hub,159.0,1998-08-13,2017-07-12
8d85456d-64db-4398-8497-697f53bfb89c,Streamlined didactic portal,184.9,1995-07-06,2029-10-07
7cb8119c-f991-4319-b0e8-6087e8f6ff60,Persevering context-sensitive strategy,65.0,1996-12-22,2012-05-02
4ee60f03-b2ab-4668-9109-f30c4aeca7f0,Multi-channeled needs-based task-force,244.9,2012-02-09,2021-04-23
1ce23a26-8dab-4e91-a31d-6a051d7178bc,Versatile multi-tasking policy,134.5,2011-10-13,2014-10-20
e3415673-491d-4446-b8b6-9d721c33339a,Streamlined 6thgeneration extranet,119.3,2015-02-25,2020-01-05
fd018459-8225-4202-9242-fce9d2994688,Extended systemic migration,261.9,2005-08-18,2016-09-13
7e9243c8-76bd-4c83-bfc0-0931e2a01122,Self-enabling grid-enabled concept,248.6,1994-06-22,2021-01-15
79f90fbb-c836-4d96-8dba-8e1ee39f8bbe,Pre-emptive 6thgeneration framework,291.5,1998-12-18,2006-09-05
ecb5777b-d894-459a-b250-bd6c769fc3e2,Focused clear-thinking matrices,261.6,2004-07-27,2010-04-06
c34bc61e-c98c-44d5-ab9c-c94edbc79c3f,Open-architected background leverage,274.2,1996-07-20,2029-12-15
a7c8af56-1b73-4b6d-a229-8ab4010c120a,Customer-focused real-time artificial intelligence,17.0,2007-06-19,2014-11-07
35f5fb50-6453-46ec-8f55-46921ba8f7d7,Monitored disintermediate framework,146.7,2008-02-05,2018-07-15
ff4d99c2-25f1-4b79-a6aa-6b6ff7e70198,Future-proofed incremental orchestration,208.5,1997-10-11,2028-05-24
4a081a50-1fdc-41d6-8fa4-0ca129e33343,Quality-focused secondary structure,41.2,2023-08-05,2026-01-21
f771786e-70de-4d0c-9a69-1c93db89b215,Expanded 5thgeneration leverage,273.5,2015-12-28,2025-05-04
fe5fa1f8-83c3-441c-8c95-028cfe63fb86,Multi-layered analyzing implementation,188.6,1998-07-18,2012-03-19
122e6c28-cc61-4c2f-b4c5-5a585b11ebda,Compatible asynchronous open system,278.4,2005-11-29,2020-01-19
a9b6f785-3ee6-4cbb-8107-f1ad87d477b2,Polarized bi-directional capacity,215.9,1996-08-23,1997-09-26
673cbfee-3224-4363-b993-20ba81b9e6be,Profit-focused encompassing secured line,198.9,2006-06-13,2012-11-17
1a94fcc6-c7d1-4483-86c6-fcfb93fe74ce,Customizable clear-thinking structure,27.4,2022-04-22,2025-12-22
8d6085ac-e477-4246-a44c-e09f0c6646d4,Configurable asymmetric alliance,281.9,2023-10-21,2026-04-16
d193ec3d-e86c-417c-920b-04495fb66635,Operative dedicated knowledge user,103.6,1996-12-22,1997-04-30
8e03441f-e23e-478e-bb84-14f17df2823e,Innovative encompassing installation,128.9,2008-04-10,2012-06-23
ebb5a267-b696-4b5b-855f-884af7558316,Multi-lateral system-worthy attitude,211.3,2008-07-23,2020-07-14
82f733b3-368e-4bb7-ba56-1a05e6270663,Profit-focused motivating functionalities,203.3,2019-06-18,2024-05-15
aa2a7bd2-9392-4a29-a003-285701718342,Enterprise-wide directional application,160.2,2006-09-07,2016-12-30
9d7f4004-85c4-4304-bd55-738c9186db46,Quality-focused next generation superstructure,257.5,2005-02-25,2023-04-18
7aa6c519-d4bd-4831-9ef9-9852676b6b6d,Universal incremental instruction set,161.7,2019-12-18,2023-09-10
2d3d79b1-9a46-43b2-908b-41ad59e1a2a8,Future-proofed dynamic parallelism,22.9,2024-01-14,2025-10-21
6991f92c-8509-4800-ae56-9243c606866a,Cloned systematic challenge,136.2,1997-05-22,2024-02-12
55589626-50e9-4c40-8a25-cceb57aadf75,Optimized multi-state utilization,103.6,2002-10-25,2016-02-24
d349adf0-f068-42e1-a318-886154c25e5b,Distributed local application,236.7,2009-09-27,2029-07-14
d163c239-f4a4-443a-b24b-2a0a38950544,Devolved zero tolerance extranet,161.8,2020-10-29,2021-03-09
873bb038-03a8-44e5-9dad-cdf2570a2600,Virtual contextually-based hub,169.9,2007-09-26,2014-04-28
064ef8e2-053d-49b7-a137-9964d7967a73,Business-focused full-range open architecture,101.6,2008-09-28,2014-10-24
c9c55fbd-ce50-4aaf-b6d9-de6413c48967,Optimized empowering middleware,72.6,2023-12-21,2029-01-20
3f2593bc-14b5-47a9-b4a7-eb627fc5edc2,Object-based next generation methodology,100.3,2012-11-02,2024-03-09
511ac25e-8be3-49f5-9cb5-54737fe31f72,Object-based fresh-thinking budgetary management,235.6,2007-04-13,2025-11-20
26ff0d41-333f-47a1-99ef-1245d3e951d5,Visionary leadingedge hierarchy,98.0,2003-12-07,2012-06-09
46dc85a5-ff3a-470d-b608-603c702a1843,Future-proofed maximized parallelism,96.2,2009-08-24,2029-07-20
ba420f49-c45c-48b9-8a52-0c14bdb628e9,Profit-focused static success,23.1,2016-01-10,2022-09-25
f4dbca9a-c9eb-4cac-a51f-2296566b8bea,Centralized empowering alliance,85.5,2003-05-06,2029-08-06
248e9c41-3988-435f-b638-7da78a6c1e1b,Pre-emptive upward-trending algorithm,182.1,1996-02-24,2017-12-04
e47b8566-c001-445c-a25c-0801cf86e4f5,Networked regional analyzer,122.1,2009-06-15,2013-08-11
260c95a5-fe77-48ad-aa8f-d8d61421edbd,Reduced fresh-thinking frame,182.3,1999-05-29,2006-10-17
587a3430-1404-402a-aa6e-fc27f8a2262b,Optimized exuding instruction set,132.3,2009-09-30,2026-04-05
f70ea9f9-bec4-4ddc-8269-cf64d5b35b88,Future-proofed dynamic installation,165.8,2006-04-27,2011-01-19
237b7fd7-9dfa-4470-92b8-fae0c676b372,Operative systematic info-mediaries,85.0,2013-01-15,2024-10-09
07069b76-4abf-4987-b26a-e789f5f5ade6,Implemented asymmetric attitude,206.3,2015-02-17,2027-07-12
36c0b3eb-ae43-4cb2-8633-5fdd35bbd55e,Configurable secondary neural-net,184.7,2009-03-07,2009-07-21
f34d5481-93e5-48fb-b368-368f74de7868,Exclusive didactic superstructure,269.0,2013-06-28,2023-05-14
06e58593-7b37-4423-aef7-e97f198f9ec2,Compatible web-enabled forecast,109.3,2022-02-05,2022-12-25
d8dee2f2-4e8b-4a78-8488-40f622279bbf,Open-source contextually-based initiative,18.3,2008-03-27,2026-08-16
971396d9-da48-4cde-92f0-261adeeeee48,User-centric zero administration function,61.4,2014-10-28,2018-03-29
bb252da7-f5e1-43ae-9851-b989eaa55840,Multi-channeled attitude-oriented pricing structure,127.6,2015-09-08,2028-03-21
d0bce415-dc5c-46b6-b8eb-edf15d00825b,Cross-platform 24/7 ability,100.4,2023-11-17,2027-11-27
6933c4ef-0e76-40af-9fc0-ee6afc449aba,Total neutral hierarchy,210.8,2023-12-23,2024-07-09
be156d2b-f541-4e8d-a22c-341a3eb8869f,Multi-layered 5thgeneration time-frame,30.2,2017-04-01,2028-04-20
7f0bf81b-15bd-4f3f-9a5b-aa091988d1b8,Visionary real-time secured line,13.9,2016-03-14,2023-03-12
268116ca-9584-41e1-a1cc-e0e3cc1f0fe4,Managed real-time pricing structure,207.2,2014-11-11,2023-03-01
4c7bf841-13e9-4998-8d03-380a66ccc5d1,Organized mobile attitude,120.9,2023-06-18,2024-12-13
e9c75ec1-4f58-4e1b-a2b5-71cb801ac061,Face-to-face zero administration secured line,214.8,2014-06-22,2019-01-19
ec554ac7-bc04-4695-a7e7-46909c2b20a3,Focused 6thgeneration installation,134.5,2020-10-06,2025-01-17
c5f55e04-196b-46ee-94c7-074c53cafde3,Multi-lateral full-range monitoring,12.4,2023-10-25,2026-12-26
b7abeb2f-f3ac-4da5-b552-217305b756d5,Stand-alone uniform infrastructure,233.1,1995-02-12,2015-10-28
df1f1cd3-03cf-4e28-9c7f-e1086c30a632,Open-source didactic strategy,151.1,2007-05-30,2019-10-10
34fa8500-8caf-4da5-9ab1-763a433d33be,Optional background migration,214.0,1998-05-07,2011-10-07
9a43b40c-4f6a-4e55-8f63-d25569e90866,Organized tangible standardization,155.5,2017-10-14,2027-08-08
260b8446-74f6-4720-b3d4-2c111a416328,Robust incremental access,146.5,2013-06-19,2015-07-02
f3ba6d77-d1ae-491d-9f08-712544bee836,Digitized transitional budgetary management,117.9,2003-03-08,2003-04-09
396b69b1-16e1-4800-a50d-84f7b9c577cf,Realigned stable middleware,98.7,2002-06-05,2009-07-11
26e1480b-b351-45de-844a-45a4bd2e0952,Reactive executive collaboration,280.3,2018-05-04,2019-08-18
359b8c9d-296b-4444-b090-6b90a86be558,Optimized grid-enabled architecture,26.0,2003-05-10,2010-08-25
68169d5f-641e-4021-b788-7e354a195685,Reactive tangible artificial intelligence,272.5,1998-01-10,2001-10-04
c9913c4c-ac05-4f2c-b2be-449fad01de0c,Integrated well-modulated application,142.4,2006-07-06,2026-05-23
ec183520-1a68-4912-91f5-3a145ac099a1,Polarized stable pricing structure,296.6,2006-08-31,2016-06-13
c636a05e-7c3f-4148-bad1-1aff87dfc281,Assimilated exuding product,291.8,2002-10-29,2017-01-14
c636a05e-7c3f-4148-bad1-1aff87dfc281,Assimilated exuding product,291.8,2002-10-29,2017-01-14
0dde81a1-0b8b-4f00-bf76-f2b1d2d99aa6,Upgradable leadingedge conglomeration,115.7,1997-09-11,2024-11-17
e275ec8f-b1d9-4580-b82c-9963cf0b09dd,Managed logistical knowledgebase,150.4,2001-06-12,2015-06-14
3ee7d358-eae7-46bb-8c25-808d44c78294,Up-sized maximized parallelism,22.8,1999-07-09,2022-07-18
2481692e-cea7-463e-b0ff-12fd6f6e8cd2,Stand-alone zero-defect contingency,17.7,2012-08-18,2014-04-17
a1b40fd5-f231-4fac-91f6-05be71d556ae,Cross-group clear-thinking website,76.1,2013-10-23,2014-03-15
cfe82839-4bfa-4e80-811e-cb7f6a0cb239,Innovative intangible paradigm,290.4,2016-06-29,2023-11-06
38ce4a9c-24c7-4107-b3e6-9130655801e8,Monitored bottom-line standardization,55.7,2023-09-26,2026-10-27
